timestamp,elapsed_s,measured_v,current_mA,resistance,std_dev,stage_commanded,stage_effective,stage_changed
2026-06-20T20:12:25.616,0.131289,-0.60664300,8.00000000,,,,,
2026-06-20T20:12:25.616,0.131453,-0.30750187,8.00000000,,,,,
2026-06-20T20:12:25.617,0.131510,-0.20778816,8.00000000,,,,,
2026-06-20T20:12:25.617,0.131562,-0.02599001,8.00000000,,,,,
2026-06-20T20:12:25.617,0.131613,0.08308888,8.00000000,,,,,
2026-06-20T20:12:25.617,0.131663,0.34911587,8.00000000,,,,,
2026-06-20T20:12:25.617,0.131714,0.49548641,8.00000000,,,,,
2026-06-20T20:12:25.617,0.131765,0.66156379,8.00000000,,,,,
2026-06-20T20:12:25.617,0.131814,0.72208813,8.00000000,,,,,
2026-06-20T20:12:25.617,0.131862,0.78260055,8.00000000,,,,,
2026-06-20T20:12:25.617,0.131911,0.80229547,8.00000000,,,,,
2026-06-20T20:12:25.617,0.131959,0.82204177,8.00000000,,,,,
2026-06-20T20:12:25.617,0.132008,0.82208124,8.00000000,,,,,
2026-06-20T20:12:25.742,0.257185,0.82207349,8.00000000,,,,,
2026-06-20T20:12:25.742,0.257336,0.82207767,8.00000000,,,,,
2026-06-20T20:12:25.742,0.257392,0.82206588,8.00000000,,,,,
2026-06-20T20:12:25.742,0.257443,0.82200271,8.00000000,,,,,
2026-06-20T20:12:25.742,0.257492,0.82131738,8.00000000,,,,,
2026-06-20T20:12:25.743,0.257568,0.82067926,8.00000000,,,,,
2026-06-20T20:12:25.743,0.257615,0.82046289,8.00000000,,,,,
2026-06-20T20:12:25.743,0.257661,0.82026249,8.00000000,,,,,
2026-06-20T20:12:25.743,0.257725,0.81868332,8.00000000,,,,,
2026-06-20T20:12:25.743,0.257785,0.81772630,8.00000000,,,,,
2026-06-20T20:12:25.743,0.257839,0.81556469,8.00000000,,,,,
2026-06-20T20:12:25.743,0.257893,0.81298131,8.00000000,,,,,
2026-06-20T20:12:25.872,0.387218,0.95054372,8.00000000,,,,,
2026-06-20T20:12:25.872,0.387378,1.08948490,8.00000000,,,,,
2026-06-20T20:12:25.872,0.387436,1.15057239,8.00000000,,,,,
2026-06-20T20:12:25.872,0.387492,1.21286450,8.00000000,,,,,
2026-06-20T20:12:25.873,0.387641,1.21565363,8.00000000,,,,,
2026-06-20T20:12:25.873,0.387715,1.07829699,8.00000000,,,,,
2026-06-20T20:12:25.873,0.387779,0.93724141,8.00000000,,,,,
2026-06-20T20:12:25.873,0.387839,0.87403950,8.00000000,,,,,
2026-06-20T20:12:25.873,0.387946,0.79611440,8.00000000,,,,,
2026-06-20T20:12:25.873,0.388010,0.77769228,8.00000000,,,,,
2026-06-20T20:12:25.873,0.388113,0.77274092,8.00000000,,,,,
2026-06-20T20:12:25.873,0.388203,0.77148849,8.00000000,,,,,
2026-06-20T20:12:25.995,0.508651,0.77519947,8.00000000,,,,,
2026-06-20T20:12:25.996,0.510017,0.79363363,8.00000000,,,,,
2026-06-20T20:12:25.997,0.511223,0.81204706,8.00000000,,,,,
2026-06-20T20:12:25.998,0.512118,0.81698972,8.00000000,,,,,
2026-06-20T20:12:25.999,0.513003,0.82192821,8.00000000,,,,,
2026-06-20T20:12:26.000,0.513885,0.82190330,8.00000000,,,,,
2026-06-20T20:12:26.001,0.514762,0.82196243,8.00000000,,,,,
2026-06-20T20:12:26.001,0.515625,0.82204229,8.00000000,,,,,
2026-06-20T20:12:26.002,0.516495,0.82213098,8.00000000,,,,,
2026-06-20T20:12:26.003,0.517367,0.82222385,8.00000000,,,,,
2026-06-20T20:12:26.004,0.518228,0.82225055,8.00000000,,,,,
2026-06-20T20:12:26.005,0.519098,0.82219322,8.00000000,,,,,
2026-06-20T20:12:26.006,0.520095,0.82218988,8.00000000,,,,,
2026-06-20T20:12:26.007,0.521046,0.82217771,8.00000000,,,,,
2026-06-20T20:12:26.132,0.646044,0.81848175,8.00000000,,,,,
2026-06-20T20:12:26.134,0.647606,0.81485195,8.00000000,,,,,
2026-06-20T20:12:26.134,0.648580,0.80133206,8.00000000,,,,,
2026-06-20T20:12:26.135,0.649522,0.78775818,8.00000000,,,,,
2026-06-20T20:12:26.136,0.650450,0.76549978,8.00000000,,,,,
2026-06-20T20:12:26.137,0.651459,0.74692518,8.00000000,,,,,
2026-06-20T20:12:26.138,0.652387,0.71740716,8.00000000,,,,,
2026-06-20T20:12:26.139,0.653318,0.69777924,8.00000000,,,,,
2026-06-20T20:12:26.140,0.654294,0.69676167,8.00000000,,,,,
2026-06-20T20:12:26.141,0.655311,0.70442861,8.00000000,,,,,
2026-06-20T20:12:26.143,0.656340,0.72361272,8.00000000,,,,,
2026-06-20T20:12:26.144,0.658304,0.75374025,8.00000000,,,,,
2026-06-20T20:12:26.281,0.794673,0.78130883,8.00000000,,,,,
2026-06-20T20:12:26.282,0.796204,0.79026705,8.00000000,,,,,
2026-06-20T20:12:26.284,0.797654,0.80481166,8.00000000,,,,,
2026-06-20T20:12:26.286,0.799443,0.80783910,8.00000000,,,,,
2026-06-20T20:12:26.287,0.800898,0.81083257,8.00000000,,,,,
2026-06-20T20:12:26.288,0.802311,0.81638498,8.00000000,,,,,
2026-06-20T20:12:26.289,0.803477,0.82124490,8.00000000,,,,,
2026-06-20T20:12:26.290,0.804503,0.82051843,8.00000000,,,,,
2026-06-20T20:12:26.291,0.805440,0.82053739,8.00000000,,,,,
2026-06-20T20:12:26.294,0.806360,0.82059032,8.00000000,,,,,
2026-06-20T20:12:26.296,0.808987,0.82056600,8.00000000,,,,,
2026-06-20T20:12:26.297,0.810795,0.82123418,8.00000000,,,,,
2026-06-20T20:12:26.298,0.812188,0.82193895,8.00000000,,,,,
2026-06-20T20:12:26.300,0.813662,0.82189828,8.00000000,,,,,
2026-06-20T20:12:26.301,0.814780,0.82107406,8.00000000,,,,,
2026-06-20T20:12:26.302,0.816023,0.82032709,8.00000000,,,,,
2026-06-20T20:12:26.305,0.818401,0.82006017,8.00000000,,,,,
2026-06-20T20:12:26.439,0.953100,0.81975668,8.00000000,,,,,
2026-06-20T20:12:26.442,0.955365,0.80835813,8.00000000,,,,,
2026-06-20T20:12:26.443,0.956846,0.79774314,8.00000000,,,,,
2026-06-20T20:12:26.445,0.958502,0.78660912,8.00000000,,,,,
2026-06-20T20:12:26.446,0.959918,0.77499504,8.00000000,,,,,
2026-06-20T20:12:26.447,0.961112,0.76902276,8.00000000,,,,,
2026-06-20T20:12:26.448,0.962293,0.77414554,8.00000000,,,,,
2026-06-20T20:12:26.449,0.963292,0.76032465,8.00000000,,,,,
2026-06-20T20:12:26.450,0.964257,0.74702280,8.00000000,,,,,
2026-06-20T20:12:26.451,0.965222,0.74253350,8.00000000,,,,,
2026-06-20T20:12:26.452,0.966173,0.73240238,8.00000000,,,,,
2026-06-20T20:12:26.453,0.967125,0.71173888,8.00000000,,,,,
2026-06-20T20:12:26.454,0.968230,0.71001904,8.00000000,,,,,
2026-06-20T20:12:26.455,0.969248,0.73523645,8.00000000,,,,,
2026-06-20T20:12:26.456,0.970277,0.75164132,8.00000000,,,,,
2026-06-20T20:12:26.582,1.096138,0.76804820,8.00000000,,,,,
2026-06-20T20:12:26.584,1.098346,0.79498747,8.00000000,,,,,
2026-06-20T20:12:26.586,1.099840,0.82194009,8.00000000,,,,,
2026-06-20T20:12:26.587,1.100884,0.82195546,8.00000000,,,,,
2026-06-20T20:12:26.588,1.101851,0.82153012,8.00000000,,,,,
2026-06-20T20:12:26.589,1.102870,0.82110276,8.00000000,,,,,
2026-06-20T20:12:26.590,1.103840,0.82114032,8.00000000,,,,,
2026-06-20T20:12:26.591,1.104777,0.82116452,8.00000000,,,,,
2026-06-20T20:12:26.592,1.105719,0.82092420,8.00000000,,,,,
2026-06-20T20:12:26.593,1.106651,0.82112458,8.00000000,,,,,
2026-06-20T20:12:26.595,1.108248,0.82153074,8.00000000,,,,,
2026-06-20T20:12:26.596,1.109821,0.82147197,8.00000000,56.41977830,0.00104881,,,
2026-06-20T20:12:26.597,1.111143,0.82146005,8.00000000,56.41895962,0.00104447,,,
2026-06-20T20:12:26.598,1.112487,0.82171266,8.00000000,56.43630920,0.00104083,,,
2026-06-20T20:12:26.724,1.237465,0.82193321,8.00000000,56.45145673,0.00103775,,,
2026-06-20T20:12:26.725,1.239423,0.82194799,8.00000000,56.45247198,0.00103510,,,
2026-06-20T20:12:26.727,1.240683,0.82037252,8.00000000,56.34426662,0.00103280,,,
2026-06-20T20:12:26.728,1.242164,0.81875021,8.00000000,56.23284396,0.00103078,,,
2026-06-20T20:12:26.730,1.243400,0.81773193,8.00000000,56.16290742,0.00102899,,,
2026-06-20T20:12:26.731,1.244658,0.81674572,8.00000000,,,,,
2026-06-20T20:12:26.731,1.245570,0.83680996,8.00000000,,,,,
2026-06-20T20:12:26.732,1.246467,0.85846445,8.00000000,,,,,
2026-06-20T20:12:26.733,1.247339,0.75829883,8.00000000,,,,,
2026-06-20T20:12:26.734,1.248315,0.65752918,8.00000000,,,,,
2026-06-20T20:12:26.735,1.249272,0.46391432,8.00000000,,,,,
2026-06-20T20:12:26.736,1.250175,0.24924900,8.00000000,,,,,
2026-06-20T20:12:26.737,1.251072,0.04259134,8.00000000,,,,,
2026-06-20T20:12:26.738,1.251959,-0.04224622,8.00000000,,,,,
2026-06-20T20:12:26.874,1.388268,-0.13541031,8.00000000,,,,,
2026-06-20T20:12:26.878,1.390358,-0.13572920,8.00000000,,,,,
2026-06-20T20:12:26.880,1.393392,-0.13833034,8.00000000,,,,,
2026-06-20T20:12:26.881,1.394970,-0.14893914,8.00000000,,,,,
2026-06-20T20:12:26.882,1.396301,-0.15326453,8.00000000,,,,,
2026-06-20T20:12:26.884,1.397732,-0.14926339,8.00000000,,,,,
2026-06-20T20:12:26.885,1.398882,-0.14984597,8.00000000,,,,,
2026-06-20T20:12:26.886,1.400078,-0.14814628,8.00000000,,,,,
2026-06-20T20:12:26.887,1.401187,-0.15502120,8.00000000,,,,,
2026-06-20T20:12:26.888,1.402234,-0.16817952,8.00000000,,,,,
2026-06-20T20:12:26.889,1.403242,-0.16491116,8.00000000,,,,,
2026-06-20T20:12:26.890,1.404242,-0.15705908,8.00000000,,,,,
2026-06-20T20:12:26.891,1.405240,-0.16116906,8.00000000,,,,,
2026-06-20T20:12:26.893,1.406516,-0.15670443,8.00000000,,,,,
2026-06-20T20:12:26.895,1.408852,-0.15172053,8.00000000,,,,,
2026-06-20T20:12:27.026,1.539316,-0.16316331,8.00000000,,,,,
2026-06-20T20:12:27.028,1.541782,-0.17443407,8.00000000,,,,,
2026-06-20T20:12:27.029,1.543367,-0.17374278,8.00000000,,,,,
2026-06-20T20:12:27.030,1.544570,-0.17295171,8.00000000,,,,,
2026-06-20T20:12:27.031,1.545579,-0.17267991,8.00000000,,,,,
2026-06-20T20:12:27.032,1.546468,-0.17248846,8.00000000,,,,,
2026-06-20T20:12:27.033,1.547337,-0.17246903,8.00000000,,,,,
2026-06-20T20:12:27.034,1.548304,-0.17163992,8.00000000,,,,,
2026-06-20T20:12:27.035,1.549306,-0.17091060,8.00000000,,,,,
2026-06-20T20:12:27.036,1.550240,-0.17080689,8.00000000,,,,,
2026-06-20T20:12:27.037,1.551185,-0.17062283,8.00000000,11.71860096,0.00104447,,,
2026-06-20T20:12:27.038,1.552143,-0.17079783,8.00000000,11.73062005,0.00104083,,,
2026-06-20T20:12:27.039,1.553179,-0.17178250,8.00000000,11.79824835,0.00103775,,,
2026-06-20T20:12:27.040,1.554116,-0.16813231,8.00000000,11.54754863,0.00103510,,,
2026-06-20T20:12:27.041,1.555059,-0.16385651,8.00000000,,,,,
2026-06-20T20:12:27.165,1.678555,-0.16471923,8.00000000,,,,,
2026-06-20T20:12:27.167,1.680658,-0.16522289,8.00000000,,,,,
2026-06-20T20:12:27.168,1.681969,-0.16624916,8.00000000,,,,,
2026-06-20T20:12:27.169,1.682881,-0.17191029,8.00000000,,,,,
2026-06-20T20:12:27.170,1.683769,-0.17725266,8.00000000,,,,,
2026-06-20T20:12:27.170,1.684660,-0.17745650,8.00000000,,,,,
2026-06-20T20:12:27.171,1.685533,-0.17729307,8.00000000,,,,,
2026-06-20T20:12:27.172,1.686406,-0.17660702,8.00000000,,,,,
2026-06-20T20:12:27.173,1.687271,-0.17560673,8.00000000,,,,,
2026-06-20T20:12:27.174,1.688164,-0.17492521,8.00000000,,,,,
2026-06-20T20:12:27.175,1.689047,-0.17495811,8.00000000,,,,,
2026-06-20T20:12:27.176,1.689922,-0.17535830,8.00000000,,,,,
2026-06-20T20:12:27.178,1.691268,-0.17124296,8.00000000,11.76119203,0.00104447,,,
2026-06-20T20:12:27.179,1.693221,-0.16744185,8.00000000,,,,,
2026-06-20T20:12:27.307,1.821176,-0.16770924,8.00000000,,,,,
2026-06-20T20:12:27.309,1.822612,-0.16726220,8.00000000,,,,,
2026-06-20T20:12:27.311,1.824755,-0.22101523,8.00000000,,,,,
2026-06-20T20:12:27.313,1.826682,-0.27928378,8.00000000,,,,,
2026-06-20T20:12:27.314,1.827982,-0.31135073,8.00000000,,,,,
2026-06-20T20:12:27.315,1.829287,-0.33934918,8.00000000,,,,,
2026-06-20T20:12:27.317,1.830674,-0.33976284,8.00000000,,,,,
2026-06-20T20:12:27.318,1.831717,-0.28597643,8.00000000,,,,,
2026-06-20T20:12:27.319,1.832826,-0.23255290,8.00000000,,,,,
2026-06-20T20:12:27.320,1.833824,-0.20533098,8.00000000,,,,,
2026-06-20T20:12:27.321,1.834818,-0.17795707,8.00000000,,,,,
2026-06-20T20:12:27.322,1.835820,-0.17816795,8.00000000,,,,,
2026-06-20T20:12:27.323,1.836789,-0.17858685,8.00000000,,,,,
2026-06-20T20:12:27.324,1.837709,-0.17864288,8.00000000,,,,,
2026-06-20T20:12:27.450,1.963702,-0.17884005,8.00000000,,,,,
2026-06-20T20:12:27.451,1.965236,-0.17918922,8.00000000,,,,,
2026-06-20T20:12:27.452,1.966334,-0.17925252,8.00000000,,,,,
2026-06-20T20:12:27.453,1.967252,-0.17910780,8.00000000,,,,,
2026-06-20T20:12:27.454,1.968149,-0.17860616,8.00000000,,,,,
2026-06-20T20:12:27.455,1.969034,-0.17796339,8.00000000,12.22276003,0.00104881,,,
2026-06-20T20:12:27.456,1.969958,-0.17450548,8.00000000,11.98526648,0.00104447,,,
2026-06-20T20:12:27.457,1.970890,-0.17133344,8.00000000,,,,,
2026-06-20T20:12:27.458,1.971791,-0.16972936,8.00000000,,,,,
2026-06-20T20:12:27.459,1.972682,-0.16848219,8.00000000,,,,,
2026-06-20T20:12:27.460,1.973566,-0.16849113,8.00000000,,,,,
2026-06-20T20:12:27.462,1.975805,-0.17131520,8.00000000,,,,,
2026-06-20T20:12:27.463,1.977336,-0.16938401,8.00000000,,,,,
2026-06-20T20:12:27.464,1.978359,-0.16588486,8.00000000,,,,,
2026-06-20T20:12:27.595,2.108605,-0.15937937,8.00000000,,,,,
2026-06-20T20:12:27.596,2.110293,-0.15161777,8.00000000,,,,,
2026-06-20T20:12:27.597,2.111488,-0.16090370,8.00000000,,,,,
2026-06-20T20:12:27.598,2.112545,-0.17494489,8.00000000,,,,,
2026-06-20T20:12:27.599,2.113504,-0.17489792,8.00000000,,,,,
2026-06-20T20:12:27.600,2.114493,-0.17785729,8.00000000,,,,,
2026-06-20T20:12:27.601,2.115448,-0.18208100,8.00000000,,,,,
2026-06-20T20:12:27.602,2.116419,-0.16925717,8.00000000,,,,,
2026-06-20T20:12:27.603,2.117532,-0.16045738,8.00000000,,,,,
2026-06-20T20:12:27.604,2.118492,-0.16574574,8.00000000,,,,,
2026-06-20T20:12:27.605,2.119414,-0.17034186,8.00000000,,,,,
2026-06-20T20:12:27.606,2.120355,-0.17367364,8.00000000,,,,,
2026-06-20T20:12:27.607,2.121306,-0.17548383,8.00000000,,,,,
2026-06-20T20:12:27.608,2.122250,-0.17327000,8.00000000,,,,,
2026-06-20T20:12:27.609,2.123360,-0.16922558,8.00000000,,,,,
2026-06-20T20:12:27.611,2.124409,-0.16587342,8.00000000,,,,,
2026-06-20T20:12:27.743,2.256642,-0.18188716,8.00000000,,,,,
2026-06-20T20:12:27.745,2.258370,-0.19942249,8.00000000,,,,,
2026-06-20T20:12:27.746,2.259754,-0.20672442,8.00000000,,,,,
2026-06-20T20:12:27.747,2.260738,-0.21585693,8.00000000,,,,,
2026-06-20T20:12:27.748,2.261789,-0.23200323,8.00000000,,,,,
2026-06-20T20:12:27.749,2.262740,-0.22878363,8.00000000,,,,,
2026-06-20T20:12:27.749,2.263624,-0.20889713,8.00000000,,,,,
2026-06-20T20:12:27.750,2.264503,-0.19924404,8.00000000,,,,,
2026-06-20T20:12:27.751,2.265380,-0.17739667,8.00000000,,,,,
2026-06-20T20:12:27.752,2.266257,-0.14853550,8.00000000,,,,,
2026-06-20T20:12:27.753,2.267135,-0.12922371,8.00000000,,,,,
2026-06-20T20:12:27.754,2.268100,-0.12657882,8.00000000,,,,,
2026-06-20T20:12:27.755,2.269078,-0.13818861,8.00000000,,,,,
2026-06-20T20:12:27.756,2.270018,-0.16199268,8.00000000,,,,,
2026-06-20T20:12:27.885,2.398764,-0.17792047,8.00000000,,,,,
2026-06-20T20:12:27.886,2.400228,-0.18429888,8.00000000,,,,,
2026-06-20T20:12:27.887,2.401265,-0.22548558,8.00000000,,,,,
2026-06-20T20:12:27.888,2.402218,-0.25241758,8.00000000,,,,,
2026-06-20T20:12:27.889,2.403211,-0.34449651,8.00000000,,,,,
2026-06-20T20:12:27.890,2.404197,-0.44445172,8.00000000,,,,,
2026-06-20T20:12:27.891,2.405104,-0.50078634,8.00000000,,,,,
2026-06-20T20:12:27.892,2.406018,-0.52231268,8.00000000,,,,,
2026-06-20T20:12:27.893,2.406922,-0.18915702,8.00000000,,,,,
2026-06-20T20:12:27.895,2.408112,0.20914556,8.00000000,,,,,
2026-06-20T20:12:27.896,2.409813,0.65059393,8.00000000,,,,,
2026-06-20T20:12:27.897,2.411258,1.04842170,8.00000000,,,,,
2026-06-20T20:12:27.899,2.412571,1.43603181,8.00000000,,,,,
2026-06-20T20:12:27.900,2.413786,1.46895992,8.00000000,,,,,
2026-06-20T20:12:28.023,2.537156,1.44860708,8.00000000,,,,,
2026-06-20T20:12:28.025,2.539040,1.38510847,8.00000000,,,,,
2026-06-20T20:12:28.026,2.540039,1.24293957,8.00000000,,,,,
2026-06-20T20:12:28.027,2.540947,1.11098834,8.00000000,,,,,
2026-06-20T20:12:28.028,2.542068,0.83187467,8.00000000,,,,,
2026-06-20T20:12:28.029,2.543346,0.60604195,8.00000000,,,,,
2026-06-20T20:12:28.030,2.544486,0.40483584,8.00000000,,,,,
2026-06-20T20:12:28.032,2.545642,0.28230001,8.00000000,,,,,
2026-06-20T20:12:28.033,2.546816,-0.00840343,8.00000000,,,,,
2026-06-20T20:12:28.034,2.547802,-0.15194442,8.00000000,,,,,
2026-06-20T20:12:28.035,2.548767,-0.04877473,8.00000000,,,,,
2026-06-20T20:12:28.036,2.549839,0.02976834,8.00000000,,,,,
2026-06-20T20:12:28.037,2.550855,0.15214372,8.00000000,,,,,
2026-06-20T20:12:28.038,2.551980,0.44268671,8.00000000,,,,,
2026-06-20T20:12:28.163,2.677200,0.70117909,8.00000000,,,,,
2026-06-20T20:12:28.166,2.679383,0.71296078,8.00000000,,,,,
2026-06-20T20:12:28.167,2.681111,0.46815006,8.00000000,,,,,
2026-06-20T20:12:28.168,2.682484,0.17950703,8.00000000,,,,,
2026-06-20T20:12:28.169,2.683560,-0.10957815,8.00000000,,,,,
2026-06-20T20:12:28.171,2.684633,-0.36661271,8.00000000,,,,,
2026-06-20T20:12:28.171,2.685628,-0.58435660,8.00000000,,,,,
2026-06-20T20:12:28.172,2.686586,-0.54550808,8.00000000,,,,,
2026-06-20T20:12:28.174,2.687623,-0.49958412,8.00000000,,,,,
2026-06-20T20:12:28.175,2.688685,-0.45321802,8.00000000,,,,,
2026-06-20T20:12:28.176,2.689684,-0.40822020,8.00000000,,,,,
2026-06-20T20:12:28.177,2.690667,-0.40251305,8.00000000,,,,,
2026-06-20T20:12:28.178,2.691743,-0.43312088,8.00000000,,,,,
2026-06-20T20:12:28.179,2.693311,-0.47080413,8.00000000,,,,,
2026-06-20T20:12:28.302,2.816173,-0.53410785,8.00000000,,,,,
2026-06-20T20:12:28.304,2.818285,-0.59604329,8.00000000,,,,,
2026-06-20T20:12:28.305,2.819441,-0.35588770,8.00000000,,,,,
2026-06-20T20:12:28.306,2.820345,-0.07941713,8.00000000,,,,,
2026-06-20T20:12:28.307,2.821227,0.05958378,8.00000000,,,,,
2026-06-20T20:12:28.308,2.822112,0.22420514,8.00000000,,,,,
2026-06-20T20:12:28.309,2.822990,0.30735029,8.00000000,,,,,
2026-06-20T20:12:28.310,2.823867,0.08840442,8.00000000,,,,,
2026-06-20T20:12:28.311,2.824918,-0.15494073,8.00000000,,,,,
2026-06-20T20:12:28.312,2.826168,-0.26081623,8.00000000,,,,,
2026-06-20T20:12:28.313,2.827332,-0.36192026,8.00000000,,,,,
2026-06-20T20:12:28.314,2.828453,-0.38154807,8.00000000,,,,,
2026-06-20T20:12:28.316,2.829610,-0.42244115,8.00000000,,,,,
2026-06-20T20:12:28.317,2.830779,-0.43893496,8.00000000,,,,,
2026-06-20T20:12:28.439,2.953225,-0.41971985,8.00000000,,,,,
2026-06-20T20:12:28.441,2.955150,-0.40527621,8.00000000,,,,,
2026-06-20T20:12:28.442,2.956263,-0.37276319,8.00000000,,,,,
2026-06-20T20:12:28.443,2.957163,-0.31898489,8.00000000,,,,,
2026-06-20T20:12:28.444,2.958050,-0.26504649,8.00000000,,,,,
2026-06-20T20:12:28.445,2.959116,-0.24681701,8.00000000,,,,,
2026-06-20T20:12:28.446,2.960390,-0.23813011,8.00000000,,,,,
2026-06-20T20:12:28.447,2.961506,-0.24751260,8.00000000,,,,,
2026-06-20T20:12:28.448,2.962479,-0.20747651,8.00000000,,,,,
2026-06-20T20:12:28.449,2.963418,-0.16760052,8.00000000,,,,,
2026-06-20T20:12:28.450,2.964303,-0.15087748,8.00000000,,,,,
2026-06-20T20:12:28.451,2.965176,-0.12461186,8.00000000,,,,,
2026-06-20T20:12:28.452,2.966046,-0.11276269,8.00000000,,,,,
2026-06-20T20:12:28.453,2.966917,-0.15033210,8.00000000,,,,,
2026-06-20T20:12:28.579,3.091956,-0.21121968,8.00000000,,,,,
2026-06-20T20:12:28.582,3.095126,-0.24895431,8.00000000,,,,,
2026-06-20T20:12:28.583,3.097036,-0.29873492,8.00000000,,,,,
2026-06-20T20:12:28.584,3.098201,-0.33409907,8.00000000,,,,,
2026-06-20T20:12:28.585,3.099272,-0.39117529,8.00000000,,,,,
2026-06-20T20:12:28.586,3.100302,-0.42493334,8.00000000,,,,,
2026-06-20T20:12:28.587,3.101219,-0.43308618,8.00000000,,,,,
2026-06-20T20:12:28.588,3.102137,-0.42919305,8.00000000,,,,,
2026-06-20T20:12:28.589,3.103050,-0.43338707,8.00000000,,,,,
2026-06-20T20:12:28.590,3.103968,-0.41586903,8.00000000,,,,,
2026-06-20T20:12:28.591,3.104873,-0.38929203,8.00000000,,,,,
2026-06-20T20:12:28.592,3.105772,-0.38832024,8.00000000,,,,,
2026-06-20T20:12:28.593,3.106714,-0.37047615,8.00000000,,,,,
2026-06-20T20:12:28.594,3.107733,-0.34454491,8.00000000,,,,,
2026-06-20T20:12:28.717,3.230704,-0.32613863,8.00000000,,,,,
2026-06-20T20:12:28.719,3.232806,-0.31679131,8.00000000,,,,,
2026-06-20T20:12:28.720,3.233993,-0.33103217,8.00000000,,,,,
2026-06-20T20:12:28.721,3.234895,-0.36214532,8.00000000,,,,,
2026-06-20T20:12:28.722,3.235800,-0.36023547,8.00000000,,,,,
2026-06-20T20:12:28.723,3.236706,-0.35080065,8.00000000,,,,,
2026-06-20T20:12:28.723,3.237602,-0.33553435,8.00000000,,,,,
2026-06-20T20:12:28.724,3.238482,-0.29667987,8.00000000,,,,,
2026-06-20T20:12:28.725,3.239368,-0.22764839,8.00000000,,,,,
2026-06-20T20:12:28.726,3.240244,-0.19163991,8.00000000,,,,,
2026-06-20T20:12:28.727,3.241118,-0.15831043,8.00000000,,,,,
2026-06-20T20:12:28.728,3.241986,-0.13081242,8.00000000,,,,,
2026-06-20T20:12:28.729,3.243186,-0.09833432,8.00000000,,,,,
2026-06-20T20:12:28.730,3.244455,-0.09603322,8.00000000,,,,,
2026-06-20T20:12:28.853,3.366947,-0.15934850,8.00000000,,,,,
2026-06-20T20:12:28.854,3.368468,-0.21998479,8.00000000,,,,,
2026-06-20T20:12:28.856,3.369687,-0.27945533,8.00000000,,,,,
2026-06-20T20:12:28.857,3.370750,-0.34390595,8.00000000,,,,,
2026-06-20T20:12:28.858,3.371844,-0.43694619,8.00000000,,,,,
2026-06-20T20:12:28.859,3.372910,-0.46437005,8.00000000,,,,,
2026-06-20T20:12:28.860,3.374007,-0.45798054,8.00000000,,,,,
2026-06-20T20:12:28.861,3.375014,-0.45275679,8.00000000,,,,,
2026-06-20T20:12:28.862,3.376192,-0.47277335,8.00000000,,,,,
2026-06-20T20:12:28.864,3.377547,-0.46420029,8.00000000,,,,,
2026-06-20T20:12:28.865,3.378772,-0.48558119,8.00000000,,,,,
2026-06-20T20:12:28.866,3.379870,-0.54077546,8.00000000,,,,,
2026-06-20T20:12:28.987,3.501265,-0.53840557,8.00000000,,,,,
2026-06-20T20:12:28.988,3.502615,-0.51079539,8.00000000,,,,,
2026-06-20T20:12:28.989,3.503612,-0.45635858,8.00000000,,,,,
2026-06-20T20:12:28.990,3.504504,-0.37196781,8.00000000,,,,,
2026-06-20T20:12:28.991,3.505385,-0.31979551,8.00000000,,,,,
2026-06-20T20:12:28.992,3.506271,-0.32518734,8.00000000,,,,,
2026-06-20T20:12:28.993,3.507161,-0.30891623,8.00000000,,,,,
2026-06-20T20:12:28.994,3.508138,-0.31947173,8.00000000,,,,,
2026-06-20T20:12:28.995,3.509117,-0.35644759,8.00000000,,,,,
2026-06-20T20:12:28.997,3.510460,-0.36120500,8.00000000,,,,,
2026-06-20T20:12:28.998,3.511864,-0.38171103,8.00000000,,,,,
2026-06-20T20:12:28.999,3.513043,-0.42388001,8.00000000,,,,,
2026-06-20T20:12:29.000,3.514120,-0.45734075,8.00000000,,,,,
2026-06-20T20:12:29.001,3.515066,-0.46438114,8.00000000,,,,,
2026-06-20T20:12:29.117,3.630903,-0.48805778,8.00000000,,,,,
2026-06-20T20:12:29.119,3.633195,-0.49598580,8.00000000,,,,,
2026-06-20T20:12:29.120,3.634248,-0.46860521,8.00000000,,,,,
2026-06-20T20:12:29.121,3.635151,-0.44993286,8.00000000,,,,,
2026-06-20T20:12:29.122,3.636042,-0.43971424,8.00000000,,,,,
2026-06-20T20:12:29.123,3.636925,-0.41285936,8.00000000,,,,,
2026-06-20T20:12:29.124,3.637807,-0.36818233,8.00000000,,,,,
2026-06-20T20:12:29.124,3.638678,-0.35881391,8.00000000,,,,,
2026-06-20T20:12:29.125,3.639564,-0.35990003,8.00000000,,,,,
2026-06-20T20:12:29.126,3.640431,-0.35253241,8.00000000,,,,,
2026-06-20T20:12:29.127,3.641311,-0.35572531,8.00000000,,,,,
2026-06-20T20:12:29.128,3.642184,-0.37674037,8.00000000,,,,,
2026-06-20T20:12:29.129,3.643406,-0.37087837,8.00000000,,,,,
2026-06-20T20:12:29.131,3.644643,-0.35456183,8.00000000,,,,,
2026-06-20T20:12:29.250,3.764209,-0.33958331,8.00000000,,,,,
2026-06-20T20:12:29.251,3.765637,-0.31404426,8.00000000,,,,,
2026-06-20T20:12:29.252,3.766537,-0.27735057,8.00000000,,,,,
2026-06-20T20:12:29.253,3.767446,-0.26753392,8.00000000,,,,,
2026-06-20T20:12:29.254,3.768330,-0.25928142,8.00000000,,,,,
2026-06-20T20:12:29.255,3.769224,-0.24969091,8.00000000,,,,,
2026-06-20T20:12:29.256,3.770107,-0.24017288,8.00000000,,,,,
2026-06-20T20:12:29.257,3.771006,-0.24180951,8.00000000,,,,,
2026-06-20T20:12:29.258,3.771892,-0.28003659,8.00000000,,,,,
2026-06-20T20:12:29.259,3.772789,-0.31669952,8.00000000,,,,,
2026-06-20T20:12:29.259,3.773664,-0.40047266,8.00000000,,,,,
2026-06-20T20:12:29.260,3.774548,-0.48417333,8.00000000,,,,,
2026-06-20T20:12:29.379,3.892251,-0.51339879,8.00000000,,,,,
2026-06-20T20:12:29.381,3.894249,-0.50603381,8.00000000,,,,,
2026-06-20T20:12:29.382,3.895833,-0.54341868,8.00000000,,,,,
2026-06-20T20:12:29.383,3.896850,-0.53369335,8.00000000,,,,,
2026-06-20T20:12:29.384,3.897804,-0.31528188,8.00000000,,,,,
2026-06-20T20:12:29.385,3.898766,-0.15134561,8.00000000,,,,,
2026-06-20T20:12:29.386,3.899719,0.08508159,8.00000000,,,,,
2026-06-20T20:12:29.387,3.900704,0.36625865,8.00000000,,,,,
2026-06-20T20:12:29.388,3.901667,0.41824010,8.00000000,,,,,
2026-06-20T20:12:29.389,3.902735,0.26153542,8.00000000,,,,,
2026-06-20T20:12:29.390,3.903856,0.06391036,8.00000000,,,,,
2026-06-20T20:12:29.391,3.904920,-0.20620563,8.00000000,,,,,
2026-06-20T20:12:29.392,3.905939,-0.48528604,8.00000000,,,,,
2026-06-20T20:12:29.393,3.906878,-0.53517084,8.00000000,,,,,
2026-06-20T20:12:29.513,4.027214,-0.40494518,8.00000000,,,,,
2026-06-20T20:12:29.515,4.029236,-0.23379912,8.00000000,,,,,
2026-06-20T20:12:29.516,4.030478,0.04247880,8.00000000,,,,,
2026-06-20T20:12:29.517,4.031490,0.32772113,8.00000000,,,,,
2026-06-20T20:12:29.518,4.032421,0.58938066,8.00000000,,,,,
2026-06-20T20:12:29.519,4.033367,0.67092972,8.00000000,,,,,
2026-06-20T20:12:29.520,4.034260,0.75570946,8.00000000,,,,,
2026-06-20T20:12:29.521,4.035147,0.73535733,8.00000000,,,,,
2026-06-20T20:12:29.522,4.036027,0.71497135,8.00000000,,,,,
2026-06-20T20:12:29.523,4.036905,0.71816819,8.00000000,,,,,
2026-06-20T20:12:29.524,4.037793,0.67422335,8.00000000,,,,,
2026-06-20T20:12:29.525,4.038791,0.62704783,8.00000000,,,,,
2026-06-20T20:12:29.646,4.159264,0.58887773,8.00000000,,,,,
2026-06-20T20:12:29.648,4.161650,0.55074149,8.00000000,,,,,
2026-06-20T20:12:29.649,4.163308,0.49164908,8.00000000,,,,,
2026-06-20T20:12:29.650,4.164484,0.47969834,8.00000000,,,,,
2026-06-20T20:12:29.651,4.165577,0.51695732,8.00000000,,,,,
2026-06-20T20:12:29.652,4.166463,0.54521087,8.00000000,,,,,
2026-06-20T20:12:29.653,4.167363,0.57882956,8.00000000,,,,,
2026-06-20T20:12:29.654,4.168245,0.63340441,8.00000000,,,,,
2026-06-20T20:12:29.655,4.169137,0.68802779,8.00000000,,,,,
2026-06-20T20:12:29.656,4.170020,0.69344144,8.00000000,,,,,
2026-06-20T20:12:29.657,4.170907,0.71567553,8.00000000,,,,,
2026-06-20T20:12:29.658,4.171789,0.73254449,8.00000000,,,,,
2026-06-20T20:12:29.658,4.172665,0.55558413,8.00000000,,,,,
2026-06-20T20:12:29.659,4.173542,0.37857524,8.00000000,,,,,
2026-06-20T20:12:29.780,4.293595,0.14809002,8.00000000,,,,,
2026-06-20T20:12:29.782,4.296007,-0.09921562,8.00000000,,,,,
2026-06-20T20:12:29.784,4.297573,-0.16662550,8.00000000,,,,,
2026-06-20T20:12:29.784,4.298618,-0.04020607,8.00000000,,,,,
2026-06-20T20:12:29.785,4.299514,0.15818216,8.00000000,,,,,
2026-06-20T20:12:29.786,4.300388,0.41004673,8.00000000,,,,,
2026-06-20T20:12:29.787,4.301269,0.66530006,8.00000000,,,,,
2026-06-20T20:12:29.788,4.302138,0.74065762,8.00000000,,,,,
2026-06-20T20:12:29.789,4.303013,0.81604618,8.00000000,,,,,
2026-06-20T20:12:29.790,4.303880,0.81946594,8.00000000,,,,,
2026-06-20T20:12:29.791,4.304833,0.82274074,8.00000000,,,,,
2026-06-20T20:12:29.792,4.305709,0.82262678,8.00000000,,,,,
2026-06-20T20:12:29.792,4.306572,0.81763250,8.00000000,,,,,
2026-06-20T20:12:29.793,4.307460,0.81260723,8.00000000,,,,,
2026-06-20T20:12:29.913,4.426250,0.76541323,8.00000000,,,,,
2026-06-20T20:12:29.915,4.428949,0.71836418,8.00000000,,,,,
2026-06-20T20:12:29.917,4.430782,0.51047043,8.00000000,,,,,
2026-06-20T20:12:29.918,4.431964,0.30745700,8.00000000,,,,,
2026-06-20T20:12:29.919,4.432926,0.21569266,8.00000000,,,,,
2026-06-20T20:12:29.920,4.433855,0.16609706,8.00000000,,,,,
2026-06-20T20:12:29.921,4.434826,0.11682499,8.00000000,,,,,
2026-06-20T20:12:29.922,4.435717,0.22839762,8.00000000,,,,,
2026-06-20T20:12:29.922,4.436609,0.34338381,8.00000000,,,,,
2026-06-20T20:12:29.923,4.437493,0.34712090,8.00000000,,,,,
2026-06-20T20:12:29.924,4.438368,0.34246971,8.00000000,,,,,
2026-06-20T20:12:29.925,4.439250,0.33749499,8.00000000,,,,,
2026-06-20T20:12:30.046,4.559709,0.41475835,8.00000000,,,,,
2026-06-20T20:12:30.049,4.562318,0.48860816,8.00000000,,,,,
2026-06-20T20:12:30.050,4.563937,0.58166138,8.00000000,,,,,
2026-06-20T20:12:30.051,4.564983,0.68310288,8.00000000,,,,,
2026-06-20T20:12:30.052,4.565875,0.78449670,8.00000000,,,,,
2026-06-20T20:12:30.053,4.566755,0.80365244,8.00000000,,,,,
2026-06-20T20:12:30.053,4.567644,0.82273344,8.00000000,,,,,
2026-06-20T20:12:30.054,4.568534,0.82261102,8.00000000,,,,,
2026-06-20T20:12:30.055,4.569404,0.82055038,8.00000000,,,,,
2026-06-20T20:12:30.056,4.570477,0.81853742,8.00000000,,,,,
2026-06-20T20:12:30.057,4.571397,0.80268713,8.00000000,,,,,
2026-06-20T20:12:30.058,4.572293,0.78691156,8.00000000,,,,,
2026-06-20T20:12:30.059,4.573178,0.63079816,8.00000000,,,,,
2026-06-20T20:12:30.060,4.574060,0.47662298,8.00000000,,,,,
2026-06-20T20:12:30.180,4.693562,0.46012465,8.00000000,,,,,
2026-06-20T20:12:30.182,4.696277,0.45746366,8.00000000,,,,,
2026-06-20T20:12:30.184,4.697764,0.41672090,8.00000000,,,,,
2026-06-20T20:12:30.185,4.698802,0.51631598,8.00000000,,,,,
2026-06-20T20:12:30.186,4.699696,0.59010046,8.00000000,,,,,
2026-06-20T20:12:30.186,4.700566,0.52620808,8.00000000,,,,,
2026-06-20T20:12:30.187,4.701439,0.49053076,8.00000000,,,,,
2026-06-20T20:12:30.188,4.702314,0.49293522,8.00000000,,,,,
2026-06-20T20:12:30.189,4.703183,0.34598282,8.00000000,,,,,
2026-06-20T20:12:30.190,4.704059,0.22484102,8.00000000,,,,,
2026-06-20T20:12:30.191,4.704931,0.03385508,8.00000000,,,,,
2026-06-20T20:12:30.192,4.705803,-0.18534591,8.00000000,,,,,
2026-06-20T20:12:30.192,4.706670,-0.18420281,8.00000000,,,,,
2026-06-20T20:12:30.193,4.707630,-0.03370285,8.00000000,,,,,
2026-06-20T20:12:30.313,4.826518,0.15211631,8.00000000,,,,,
2026-06-20T20:12:30.315,4.829268,0.40777960,8.00000000,,,,,
2026-06-20T20:12:30.317,4.830940,0.66720694,8.00000000,,,,,
2026-06-20T20:12:30.318,4.832100,0.70629018,8.00000000,,,,,
2026-06-20T20:12:30.319,4.833133,0.74592775,8.00000000,,,,,
2026-06-20T20:12:30.320,4.834145,0.75024611,8.00000000,,,,,
2026-06-20T20:12:30.321,4.835177,0.76099915,8.00000000,,,,,
2026-06-20T20:12:30.322,4.836114,0.76798815,8.00000000,,,,,
2026-06-20T20:12:30.323,4.837040,0.78202039,8.00000000,,,,,
2026-06-20T20:12:30.324,4.838032,0.79549831,8.00000000,,,,,
2026-06-20T20:12:30.325,4.838992,0.80888360,8.00000000,,,,,
2026-06-20T20:12:30.326,4.839927,0.81583422,8.00000000,,,,,
2026-06-20T20:12:30.328,4.841997,0.82280380,8.00000000,,,,,
2026-06-20T20:12:30.447,4.960658,0.82273014,8.00000000,,,,,
2026-06-20T20:12:30.451,4.964338,0.68375761,8.00000000,,,,,
2026-06-20T20:12:30.452,4.965780,0.54487770,8.00000000,,,,,
2026-06-20T20:12:30.453,4.966735,0.27261653,8.00000000,,,,,
2026-06-20T20:12:30.454,4.967792,0.00033640,8.00000000,,,,,
2026-06-20T20:12:30.455,4.968685,-0.30811802,8.00000000,,,,,
2026-06-20T20:12:30.455,4.969576,-0.47767358,8.00000000,,,,,
2026-06-20T20:12:30.456,4.970462,-0.58915347,8.00000000,,,,,
2026-06-20T20:12:30.457,4.971356,-0.56725209,8.00000000,,,,,
2026-06-20T20:12:30.458,4.972236,-0.53548793,8.00000000,,,,,
2026-06-20T20:12:30.459,4.973121,-0.46754947,8.00000000,,,,,
2026-06-20T20:12:30.460,4.974001,-0.44269362,8.00000000,,,,,
2026-06-20T20:12:30.461,4.974886,-0.47591344,8.00000000,,,,,
2026-06-20T20:12:30.579,5.093009,-0.51023607,8.00000000,,,,,
2026-06-20T20:12:30.581,5.094620,-0.55442147,8.00000000,,,,,
2026-06-20T20:12:30.582,5.096022,-0.57695311,8.00000000,,,,,
2026-06-20T20:12:30.583,5.097155,-0.55640214,8.00000000,,,,,
